{
    "SIMBData": {
        "out": "amcQwB.o",
        "bytes": 65664,
        "archive": "archive.7/_69085_archive_1.a",
        "text": 0
    },
    "cpu_cycles_pass2_start": 186708696236698,
    "cycles_program_begin": 186688133582168,
    "MlibObjs": {},
    "perf": [
        {
            "stat": [
                "main",
                "entry",
                0.017086073406971991,
                0.038420999999999997,
                0.026287999999999999,
                178244,
                178244,
                0.0,
                0.0,
                1615994607.912046,
                186688133942540
            ],
            "sub": [
                {
                    "stat": [
                        "doParsingAndDesignResolution",
                        "entry",
                        5.3327890733489767,
                        0.051885000000000001,
                        0.031537999999999997,
                        178684,
                        179484,
                        0.0,
                        0.0,
                        1615994613.2277491,
                        186708291234832
                    ],
                    "sub": []
                },
                {
                    "stat": [
                        "doParsingAndDesignResolution",
                        "exit",
                        5.3449310733703896,
                        0.059912,
                        0.035541000000000003,
                        179788,
                        180436,
                        0.0,
                        0.0,
                        1615994613.2398911,
                        186708337310442
                    ],
                    "sub": []
                },
                {
                    "stat": [
                        "doPostDesignResolutionToVir2Vcs",
                        "entry",
                        5.3454620733391494,
                        0.060245,
                        0.035737999999999999,
                        179788,
                        180436,
                        0.0,
                        0.0,
                        1615994613.240422,
                        186708339232334
                    ],
                    "sub": [
                        {
                            "stat": [
                                "doUptoVir2VcsNoSepCleanup",
                                "entry",
                                5.3530590734444559,
                                0.065159999999999996,
                                0.038404000000000001,
                                180704,
                                180708,
                                0.0,
                                0.0,
                                1615994613.248019,
                                186708367935818
                            ],
                            "sub": []
                        },
                        {
                            "stat": [
                                "doUptoVir2VcsNoSepCleanup",
                                "exit",
                                5.434784073382616,
                                0.096325999999999995,
                                0.049166000000000001,
                                181344,
                                195048,
                                0.010819,
                                0.028108999999999999,
                                1615994613.3297441,
                                186708677857644
                            ],
                            "sub": []
                        },
                        {
                            "stat": [
                                "doRadify_vir2vcsAll",
                                "entry",
                                5.4348840734455734,
                                0.096393000000000006,
                                0.049200000000000001,
                                181344,
                                195048,
                                0.010819,
                                0.028108999999999999,
                                1615994613.329844,
                                186708678114284
                            ],
                            "sub": []
                        },
                        {
                            "stat": [
                                "doRadify_vir2vcsAll",
                                "exit",
                                5.4380910734180361,
                                0.097506999999999996,
                                0.051265999999999999,
                                181344,
                                195048,
                                0.010819,
                                0.028108999999999999,
                                1615994613.333051,
                                186708690374956
                            ],
                            "sub": []
                        }
                    ]
                },
                {
                    "stat": [
                        "doPostDesignResolutionToVir2Vcs",
                        "exit",
                        5.4381570733385161,
                        0.097550999999999999,
                        0.051289000000000001,
                        181344,
                        195048,
                        0.010819,
                        0.028108999999999999,
                        1615994613.333117,
                        186708690519588
                    ],
                    "sub": []
                },
                {
                    "stat": [
                        "doGAToPass2",
                        "entry",
                        5.4381930733798072,
                        0.097573999999999994,
                        0.051302,
                        181344,
                        195048,
                        0.010819,
                        0.028108999999999999,
                        1615994613.333153,
                        186708690659064
                    ],
                    "sub": [
                        {
                            "stat": [
                                "DoPass2",
                                "entry",
                                5.4396550734527409,
                                0.097573999999999994,
                                0.052745,
                                179864,
                                195048,
                                0.010819,
                                0.028108999999999999,
                                1615994613.334615,
                                186708696228234
                            ],
                            "sub": []
                        },
                        {
                            "stat": [
                                "DoPass2",
                                "exit",
                                5.4837670733686537,
                                0.12671399999999999,
                                0.060858000000000002,
                                187000,
                                195048,
                                0.010819,
                                0.034344,
                                1615994613.378727,
                                186708863734896
                            ],