{
    "ObjArchives": [
        {
            "size": 96048,
            "archive": "archive.6/_49387_archive_1.a",
            "objects": [
                [
                    "x9Hvb_d.o",
                    30656
                ],
                [
                    "amcQwB.o",
                    65392
                ]
            ]
        }
    ],
    "Modules": {
        "...MASTER...": {
            "end_perf": [
                5.2593288850039244,
                0.081452999999999998,
                0.055626000000000002,
                181288,
                193796,
                164131121685910,
                0,
                0
            ],
            "start_perf": [
                5.2502238849410787,
                0.081073000000000006,
                0.053388999999999999,
                179960,
                193796,
                1615988659.314775,
                164131087107294
            ],
            "child_modules": {
                "test": 1
            },
            "nRouts": 5,
            "nQuads": 0,
            "nMops": 0
        },
        "test": {
            "end_perf": [
                5.2865808849455789,
                0.10551199999999999,
                0.058728000000000002,
                186852,
                193796,
                164131225030184,
                8589934593,
                0
            ],
            "start_perf": [
                5.259425884927623,
                0.081503999999999993,
                0.055661000000000002,
                181288,
                193796,
                1615988659.323977,
                164131121989986
            ],
            "Compiled Times": 7,
            "child_modules": {},
            "Compiled": "Yes",
            "nRouts": 144,
            "nQuads": 1344,
            "nMops": 3095
        }
    },
    "CompUnits": {
        "x9Hvb_d": {
            "mode": 4,
            "mod": "test",
            "archive": "archive.6/_49387_archive_1.a",
            "out": "x9Hvb_d.o",
            "bytes": 30656,
            "text": 16010,
            "checksum": 0
        }
    },
    "reusePaths": {
        "amcQw_d": {
            "icPath": "csrc"
        }
    },
    "stat": {
        "ru_self_end": {
            "ru_utime_sec": 0.108269,
            "ru_stime_sec": 0.059596999999999997,
            "ru_majflt": 0,
            "ru_minflt": 22105,
            "ru_maxrss_kb": 65376,
            "ru_nivcsw": 45,
            "ru_nvcsw": 52
        },
        "ru_childs_end": {
            "ru_utime_sec": 0.016379999999999999,
            "ru_stime_sec": 0.028244999999999999,
            "ru_majflt": 0,
            "ru_minflt": 4839,
            "ru_maxrss_kb": 13480,
            "ru_nivcsw": 19,
            "ru_nvcsw": 9
        },
        "cpu_cycles_end": 164131238647790,
        "peak_mem_kb": 193796
    }
}