{
    "stat": {
        "ru_self_end": {
            "ru_majflt": 3,
            "ru_utime_sec": 0.13289000000000001,
            "ru_stime_sec": 0.062418000000000001,
            "ru_nivcsw": 53,
            "ru_nvcsw": 61,
            "ru_maxrss_kb": 66288,
            "ru_minflt": 22635
        },
        "peak_mem_kb": 195048,
        "ru_childs_end": {
            "ru_majflt": 0,
            "ru_utime_sec": 0.010819,
            "ru_stime_sec": 0.034344,
            "ru_nivcsw": 18,
            "ru_nvcsw": 9,
            "ru_maxrss_kb": 13452,
            "ru_minflt": 4839
        },
        "cpu_cycles_end": 186708892802598
    },
    "Modules": {
        "test": {
            "child_modules": {},
            "start_perf": [
                5.4483970734290779,
                0.098152000000000003,
                0.054641000000000002,
                181300,
                195048,
                1615994613.3433571,
                186708729332960
            ],
            "nMops": 4452,
            "Compiled": "Yes",
            "Compiled Times": 8,
            "nQuads": 1737,
            "end_perf": [
                5.4807260733796284,
                0.12671399999999999,
                0.058327999999999998,
                187004,
                195048,
                186708852000642,
                8589934593,
                0
            ],
            "nRouts": 178
        },
        "...MASTER...": {
            "child_modules": {
                "test": 1
            },
            "start_perf": [
                5.439749073353596,
                0.097573999999999994,
                0.052839999999999998,
                179864,
                195048,
                1615994613.3347089,
                186708696517668
            ],
            "nQuads": 0,
            "end_perf": [
                5.4483090733410791,
                0.098101999999999995,
                0.054613000000000002,
                181300,
                195048,
                186708729031140,
                0,
                0
            ],
            "nMops": 0,
            "nRouts": 5
        }
    },
    "CompUnits": {
        "x9Hvb_d": {
            "mod": "test",
            "checksum": 0,
            "out": "x9Hvb_d.o",
            "bytes": 38284,
            "archive": "archive.7/_69085_archive_1.a",
            "text": 22235,
            "mode": 4
        }
    },
    "reusePaths": {
        "amcQw_d": {
            "icPath": "csrc"
        }
    },
    "ObjArchives": [
        {
            "archive": "archive.7/_69085_archive_1.a",
            "objects": [
                [
                    "x9Hvb_d.o",
                    38284
                ],
                [
                    "amcQwB.o",
                    65664
                ]
            ],
            "size": 103948
        }
    ]
}